,formula,Temperature,target,ei,std
898,Nb69Al6C1Co24,24,223.1580247,1.47E-05,19.25750671
698,Nb65Al4C7Co24,24,214.1740637,1.15E-05,20.94763862
699,Nb64Al4C7Co25,24,214.0922385,1.06E-05,20.89466657
874,Nb63Al5C7Co25,24,214.4329431,1.01E-05,20.78326192
849,Nb64Al5C6Co25,24,214.1399546,9.57E-06,20.79438211
872,Nb65Al5C7Co23,24,215.0447581,7.16E-06,20.35771323
871,Nb66Al5C7Co22,24,217.299327,7.10E-06,19.88440581
873,Nb64Al5C7Co24,24,215.0369838,6.93E-06,20.33161907
897,Nb70Al6C1Co23,24,222.9536672,6.82E-06,18.68222716
981,Nb82Al6C5Co7,24,224.4125505,6.77E-06,18.37394365
982,Nb81Al6C5Co8,24,223.4544207,6.22E-06,18.50821753
502,Nb87Al3C7Co3,24,212.7999745,6.18E-06,20.69632046
957,Nb82Al6C4Co8,24,226.2221017,6.11E-06,17.92312606
848,Nb65Al5C6Co24,24,212.4097838,5.43E-06,20.668124
154,Nb87Al1C7Co5,24,209.3007353,5.35E-06,21.29075459
808,Nb81Al5C5Co9,24,220.1820802,4.60E-06,18.95008197
457,Nb84Al3C5Co8,24,214.7876018,4.12E-06,19.95993051
653,Nb86Al4C6Co4,24,213.5353444,4.09E-06,20.20898457
922,Nb69Al6C2Co23,24,219.3487719,3.80E-06,18.9744898
724,Nb69Al5C1Co25,24,214.1199902,3.71E-06,20.01316362
958,Nb81Al6C4Co9,24,222.7803333,3.68E-06,18.25846799
999,Nb64Al6C5Co25,24,211.2549142,3.67E-06,20.58275782
504,Nb85Al3C7Co5,24,212.2309444,3.50E-06,20.34796865
677,Nb86Al4C7Co3,24,213.1596501,3.50E-06,20.16108177
503,Nb86Al3C7Co4,24,212.8563072,3.32E-06,20.17967803
983,Nb80Al6C5Co9,24,221.5711301,3.28E-06,18.419358
654,Nb85Al4C6Co5,24,213.4992642,3.23E-06,20.03025104
130,Nb87Al1C6Co6,24,201.5912804,3.15E-06,22.39276679
328,Nb87Al2C7Co4,24,211.5656551,3.09E-06,20.38246995
329,Nb86Al2C7Co5,24,211.4340539,3.06E-06,20.40186831
129,Nb88Al1C6Co5,24,199.8504279,3.01E-06,22.70051554
480,Nb85Al3C6Co6,24,211.0952105,3.01E-06,20.45470973
805,Nb84Al5C5Co6,24,212.3622725,2.94E-06,20.1833866
479,Nb86Al3C6Co5,24,211.0916715,2.93E-06,20.43550489
921,Nb70Al6C2Co22,24,220.8499398,2.86E-06,18.46445608
152,Nb89Al1C7Co3,24,204.3188446,2.58E-06,21.68022702
899,Nb68Al6C1Co25,24,218.5420831,2.57E-06,18.85014957
946,Nb69Al6C3Co22,24,219.1498097,2.53E-06,18.71655378
280,Nb87Al2C5Co6,24,201.1141222,2.53E-06,22.29956673
807,Nb82Al5C5Co8,24,218.0759939,2.52E-06,18.92876346
783,Nb82Al5C4Co9,24,221.2631361,2.49E-06,18.28465841
829,Nb84Al5C6Co5,24,212.8915093,2.49E-06,19.9500415
806,Nb83Al5C5Co7,24,215.5207204,2.48E-06,19.42649243
632,Nb83Al4C5Co8,24,216.9629332,2.47E-06,19.13461297
153,Nb88Al1C7Co4,24,206.7914829,2.44E-06,21.14454129
980,Nb83Al6C5Co6,24,212.9296011,2.41E-06,19.91770426
305,Nb86Al2C6Co6,24,207.3889945,2.29E-06,20.97770736
631,Nb84Al4C5Co7,24,215.4188067,2.16E-06,19.34474251
831,Nb82Al5C6Co7,24,217.2704462,2.10E-06,18.95829914
828,Nb85Al5C6Co4,24,213.935114,2.07E-06,19.60541016
655,Nb84Al4C6Co6,24,211.637016,1.99E-06,20.0294749
107,Nb86Al1C5Co8,24,201.7402834,1.87E-06,21.92644287
306,Nb85Al2C6Co7,24,210.8395834,1.87E-06,20.13998732
678,Nb85Al4C7Co4,24,213.7366726,1.85E-06,19.56267101
830,Nb83Al5C6Co6,24,212.2712795,1.83E-06,19.84148613
363,Nb82Al3C1Co14,24,206.3723186,1.82E-06,20.99516678
304,Nb87Al2C6Co5,24,206.3958728,1.73E-06,20.95388477
481,Nb84Al3C6Co7,24,214.602459,1.73E-06,19.34467788
998,Nb65Al6C5Co24,24,210.0606036,1.73E-06,20.23522113
155,Nb86Al1C7Co6,24,207.8072445,1.73E-06,20.67486693
523,Nb66Al3C7Co24,24,207.0555015,1.69E-06,20.80585359
679,Nb84Al4C7Co5,24,212.0476876,1.65E-06,19.80923201
327,Nb88Al2C7Co3,24,209.1949178,1.63E-06,20.35808313
656,Nb83Al4C6Co7,24,216.6058448,1.60E-06,18.89295643
832,Nb81Al5C6Co8,24,214.2479598,1.59E-06,19.3539131
723,Nb70Al5C1Co24,24,216.3271481,1.58E-06,18.94036749
852,Nb85Al5C7Co3,24,215.2425584,1.58E-06,19.15192348
303,Nb88Al2C6Co4,24,203.3011757,1.54E-06,21.46442432
722,Nb71Al5C1Co23,24,216.1658183,1.53E-06,18.94898069
132,Nb85Al1C6Co8,24,206.158264,1.48E-06,20.87659634
547,Nb72Al4C1Co23,24,215.494833,1.47E-06,19.05328423
157,Nb84Al1C7Co8,24,212.1808541,1.46E-06,19.69619806
478,Nb87Al3C6Co4,24,209.0689514,1.43E-06,20.28644617
858,Nb79Al5C7Co9,24,219.1912433,1.41E-06,18.30138747
912,Nb79Al6C2Co13,24,218.8885467,1.39E-06,18.35370769
896,Nb71Al6C1Co22,24,221.8831294,1.39E-06,17.76756074
833,Nb80Al5C6Co9,24,218.739068,1.36E-06,18.36445888
824,Nb65Al5C5Co25,24,208.9410771,1.34E-06,20.26073663
281,Nb86Al2C5Co7,24,206.6696487,1.32E-06,20.69171743
133,Nb84Al1C6Co9,24,207.183332,1.30E-06,20.57827673
945,Nb70Al6C3Co21,24,216.4653669,1.29E-06,18.77287046
630,Nb85Al4C5Co6,24,210.7626991,1.28E-06,19.87298161
548,Nb71Al4C1Co24,24,214.2950267,1.27E-06,19.18525625
458,Nb83Al3C5Co9,24,213.7399852,1.27E-06,19.29132318
913,Nb78Al6C2Co14,24,218.3608518,1.26E-06,18.38896835
853,Nb84Al5C7Co4,24,214.2989716,1.23E-06,19.16338286
373,Nb72Al3C1Co24,24,211.7662782,1.21E-06,19.64222234
782,Nb83Al5C4Co8,24,216.818438,1.21E-06,18.66126913
307,Nb84Al2C6Co8,24,212.2661071,1.21E-06,19.54348622
156,Nb85Al1C7Co7,24,208.5528665,1.21E-06,20.26050735
283,Nb84Al2C5Co9,24,209.1921034,1.20E-06,20.13331344
959,Nb80Al6C4Co10,24,218.5131867,1.18E-06,18.31198152
549,Nb70Al4C1Co25,24,212.9073982,1.16E-06,19.39025929
854,Nb83Al5C7Co5,24,212.7060007,1.16E-06,19.42543757
846,Nb67Al5C6Co22,24,213.3756602,1.11E-06,19.26953362
934,Nb81Al6C3Co10,24,219.2000538,1.10E-06,18.13723563
784,Nb81Al5C4Co10,24,217.4100798,1.10E-06,18.48354612
82,Nb87Al1C4Co8,24,199.5127582,1.07E-06,21.91630037
455,Nb86Al3C5Co6,24,207.1521677,1.06E-06,20.43662401
798,Nb67Al5C4Co24,24,210.5222629,1.06E-06,19.78636095
923,Nb68Al6C2Co24,24,216.5287882,1.04E-06,18.61303847
282,Nb85Al2C5Co8,24,208.039366,1.00E-06,20.22520279
524,Nb65Al3C7Co25,24,208.9456153,9.86E-07,20.03818937
894,Nb73Al6C1Co20,24,222.4701981,9.86E-07,17.431828
674,Nb65Al4C6Co25,24,210.1635474,9.75E-07,19.79581898
105,Nb88Al1C5Co6,24,196.9473695,9.71E-07,22.32865384
258,Nb85Al2C4Co9,24,202.4509547,9.63E-07,21.26751367
330,Nb85Al2C7Co6,24,208.9383736,9.40E-07,20.005818
131,Nb86Al1C6Co7,24,203.5024604,9.37E-07,21.04578141
682,Nb81Al4C7Co8,24,213.3798265,9.26E-07,19.14221541
210,Nb85Al2C2Co11,24,199.8607198,9.20E-07,21.72849703
810,Nb79Al5C5Co11,24,215.6211832,9.08E-07,18.69807429
374,Nb71Al3C1Co25,24,210.6777689,9.06E-07,19.64559065
505,Nb84Al3C7Co6,24,210.189195,9.04E-07,19.73825327
948,Nb67Al6C3Co24,24,211.2384514,9.03E-07,19.53577534
680,Nb83Al4C7Co6,24,210.2858883,8.98E-07,19.71462527
633,Nb82Al4C5Co9,24,213.1915845,8.92E-07,19.15272981
673,Nb66Al4C6Co24,24,207.152654,8.79E-07,20.29946358
697,Nb66Al4C7Co23,24,209.8609173,8.62E-07,19.76751493
84,Nb85Al1C4Co10,24,202.3723277,8.62E-07,21.1990076
657,Nb82Al4C6Co8,24,214.5610774,8.60E-07,18.86527863
572,Nb71Al4C2Co23,24,212.5305319,8.58E-07,19.25264035
35,Nb86Al1C2Co11,24,194.2681742,8.55E-07,22.73884372
681,Nb82Al4C7Co7,24,214.904327,8.42E-07,18.78525483
709,Nb84Al5C1Co10,24,201.4593911,8.40E-07,21.35431412
936,Nb79Al6C3Co12,24,218.1207424,8.38E-07,18.16573692
809,Nb80Al5C5Co10,24,215.7981959,8.34E-07,18.607861
506,Nb83Al3C7Co7,24,214.4323311,8.24E-07,18.86110519
823,Nb66Al5C5Co24,24,208.5073979,8.19E-07,19.99029168
609,Nb82Al4C4Co10,24,210.7780719,8.17E-07,19.55481829
748,Nb69Al5C2Co24,24,215.9142556,8.13E-07,18.5688137
895,Nb72Al6C1Co21,24,224.0555954,8.12E-07,17.00651643
362,Nb83Al3C1Co13,24,199.0463972,7.60E-07,21.73789264
747,Nb70Al5C2Co23,24,216.4560439,7.56E-07,18.41753686
507,Nb82Al3C7Co8,24,213.4745946,7.49E-07,18.98030588
933,Nb82Al6C3Co9,24,222.5602995,7.37E-07,17.23384345
60,Nb85Al1C3Co11,24,198.4774082,7.33E-07,21.81838979
331,Nb84Al2C7Co7,24,212.0445647,7.21E-07,19.22791289
935,Nb80Al6C3Co11,24,218.0760871,7.19E-07,18.07575947
482,Nb83Al3C6Co8,24,215.1225444,7.13E-07,18.63369231
59,Nb86Al1C3Co10,24,198.108722,7.10E-07,21.86457166
513,Nb76Al3C7Co14,24,211.6469573,7.10E-07,19.29250161
857,Nb80Al5C7Co8,24,217.2580523,7.02E-07,18.21668077
188,Nb83Al2C1Co14,24,198.3680818,6.94E-07,21.797891
108,Nb85Al1C5Co9,24,204.0370446,6.90E-07,20.71845229
893,Nb74Al6C1Co19,24,223.3069105,6.89E-07,17.05094918
773,Nb68Al5C3Co24,24,214.4482472,6.88E-07,18.73901391
785,Nb80Al5C4Co11,24,217.4059892,6.86E-07,18.17318843
190,Nb81Al2C1Co16,24,205.3835398,6.83E-07,20.45567667
949,Nb66Al6C3Co25,24,210.4292642,6.81E-07,19.49612838
234,Nb85Al2C3Co10,24,202.1759164,6.61E-07,21.0406625
284,Nb83Al2C5Co10,24,206.5806658,6.53E-07,20.19726268
106,Nb87Al1C5Co7,24,200.139551,6.50E-07,21.41317226
960,Nb79Al6C4Co11,24,217.6636914,6.47E-07,18.08753939
749,Nb68Al5C2Co25,24,214.9497469,6.45E-07,18.60089057
971,Nb68Al6C4Co22,24,215.6212014,6.44E-07,18.47290804
997,Nb66Al6C5Co23,24,210.8125568,6.37E-07,19.37827056
947,Nb68Al6C3Co23,24,213.9383081,6.37E-07,18.78503713
13,Nb84Al1C1Co14,24,197.4942691,6.37E-07,21.89809038
974,Nb65Al6C4Co25,24,209.8008452,6.33E-07,19.56531091
686,Nb77Al4C7Co12,24,213.8942863,6.30E-07,18.78658843
546,Nb73Al4C1Co22,24,215.8688452,6.08E-07,18.38891327
856,Nb81Al5C7Co7,24,213.9684877,5.99E-07,18.73964643
676,Nb87Al4C7Co2,24,202.9231146,5.96E-07,20.82408291
660,Nb79Al4C6Co11,24,214.342351,5.91E-07,18.65957124
761,Nb80Al5C3Co12,24,217.8208132,5.86E-07,17.99556453
658,Nb81Al4C6Co9,24,211.6943937,5.82E-07,19.15097512
610,Nb81Al4C4Co11,24,215.1085302,5.70E-07,18.49124705
459,Nb82Al3C5Co10,24,208.9794649,5.68E-07,19.64779385
187,Nb84Al2C1Co13,24,199.1559914,5.61E-07,21.49013485
811,Nb78Al5C5Co12,24,215.6440531,5.60E-07,18.37840299
721,Nb72Al5C1Co22,24,217.5968341,5.59E-07,18.00789651
456,Nb85Al3C5Co7,24,208.95577,5.58E-07,19.63997523
37,Nb84Al1C2Co13,24,196.1947562,5.55E-07,22.03874049
332,Nb83Al2C7Co8,24,215.0497111,5.51E-07,18.4805725
511,Nb78Al3C7Co12,24,211.1318906,5.50E-07,19.2190085
277,Nb90Al2C5Co3,24,183.7203746,5.49E-07,24.37091686
637,Nb78Al4C5Co13,24,214.6966903,5.47E-07,18.54284421
636,Nb79Al4C5Co12,24,215.1358852,5.44E-07,18.45561282
508,Nb81Al3C7Co9,24,211.6201127,5.42E-07,19.11794586
720,Nb73Al5C1Co21,24,221.0515344,5.41E-07,17.3335147
847,Nb66Al5C6Co23,24,210.2476831,5.36E-07,19.36956889
239,Nb80Al2C3Co15,24,207.9911405,5.36E-07,19.79479164
635,Nb80Al4C5Co11,24,214.6258668,5.36E-07,18.54296736
189,Nb82Al2C1Co15,24,198.3315152,5.31E-07,21.60519976
413,Nb80Al3C3Co14,24,209.7586342,5.26E-07,19.44886963
659,Nb80Al4C6Co10,24,209.8463602,5.26E-07,19.43188297
612,Nb79Al4C4Co13,24,215.6452082,5.22E-07,18.33418691
432,Nb85Al3C4Co8,24,210.3393639,5.20E-07,19.33144813
644,Nb71Al4C5Co20,24,214.8494922,5.18E-07,18.47942135
835,Nb78Al5C6Co11,24,216.8346431,5.16E-07,18.10180709
713,Nb80Al5C1Co14,24,213.6586704,5.06E-07,18.68890326
14,Nb83Al1C1Co15,24,196.824754,5.06E-07,21.8510116
325,Nb90Al2C7Co1,24,192.8883658,5.06E-07,22.58809459
316,Nb75Al2C6Co17,24,213.4812057,5.03E-07,18.71868251
285,Nb82Al2C5Co11,24,206.8584121,5.02E-07,19.96213762
259,Nb84Al2C4Co10,24,206.2206058,4.89E-07,20.06433379
870,Nb67Al5C7Co21,24,209.0784605,4.85E-07,19.52179341
855,Nb82Al5C7Co6,24,212.7248918,4.82E-07,18.83275057
118,Nb75Al1C5Co19,24,209.7815395,4.73E-07,19.37405377
36,Nb85Al1C2Co12,24,196.1748861,4.72E-07,21.92209133
607,Nb84Al4C4Co8,24,211.0793747,4.72E-07,19.1280783
483,Nb82Al3C6Co9,24,211.5480725,4.72E-07,19.0399715
683,Nb80Al4C7Co9,24,211.9758398,4.71E-07,18.95908762
414,Nb79Al3C3Co15,24,210.5704658,4.69E-07,19.21991866
495,Nb70Al3C6Co21,24,212.6755044,4.62E-07,18.81504076
986,Nb77Al6C5Co12,24,216.4627714,4.60E-07,18.09997345
863,Nb74Al5C7Co14,24,212.6498746,4.56E-07,18.81149977
973,Nb66Al6C4Co24,24,209.5503973,4.56E-07,19.39280566
882,Nb85Al6C1Co8,24,200.4599755,4.51E-07,21.08782507
257,Nb86Al2C4Co8,24,201.9302227,4.51E-07,20.81159231
774,Nb67Al5C3Co25,24,210.5443731,4.47E-07,19.19363974
662,Nb77Al4C6Co13,24,214.3818339,4.45E-07,18.47112931
385,Nb84Al3C2Co11,24,202.1343385,4.44E-07,20.76340177
996,Nb67Al6C5Co22,24,212.3571301,4.44E-07,18.84909539
512,Nb77Al3C7Co13,24,212.2733746,4.42E-07,18.86195746
293,Nb74Al2C5Co19,24,212.1522951,4.41E-07,18.88388097
970,Nb69Al6C4Co21,24,215.743493,4.41E-07,18.20957267
890,Nb77Al6C1Co16,24,221.5632703,4.39E-07,17.11390659
15,Nb82Al1C1Co16,24,197.7552592,4.38E-07,21.57123815
817,Nb72Al5C5Co18,24,215.3131378,4.34E-07,18.28091745
995,Nb68Al6C5Co21,24,213.0542182,4.33E-07,18.70190312
340,Nb75Al2C7Co16,24,213.3314863,4.32E-07,18.64884169
308,Nb83Al2C6Co9,24,209.2425665,4.28E-07,19.40928162
961,Nb78Al6C4Co12,24,216.4177903,4.28E-07,18.0645095
437,Nb80Al3C4Co13,24,214.26575,4.28E-07,18.46790117
562,Nb81Al4C2Co13,24,209.8974941,4.25E-07,19.28195041
937,Nb78Al6C3Co13,24,215.9893496,4.25E-07,18.14014922
787,Nb78Al5C4Co13,24,215.6510331,4.22E-07,18.2003075
714,Nb79Al5C1Co15,24,213.907603,4.16E-07,18.5167088
110,Nb83Al1C5Co11,24,203.1180485,4.15E-07,20.5321825
924,Nb67Al6C2Co25,24,213.6369953,4.09E-07,18.5571841
887,Nb80Al6C1Co13,24,217.6146486,4.08E-07,17.81050497
38,Nb83Al1C2Co14,24,195.5993371,4.07E-07,21.91875905
292,Nb75Al2C5Co18,24,212.0957006,4.05E-07,18.8391846
338,Nb77Al2C7Co14,24,209.893838,4.01E-07,19.24426864
758,Nb83Al5C3Co9,24,216.9332355,3.99E-07,17.92464485
490,Nb75Al3C6Co16,24,213.0770156,3.99E-07,18.64588968
587,Nb80Al4C3Co13,24,214.8325833,3.94E-07,18.31013226
690,Nb73Al4C7Co16,24,213.2215784,3.90E-07,18.60502426
199,Nb72Al2C1Co25,24,207.5309858,3.88E-07,19.66311531
62,Nb83Al1C3Co13,24,198.3212455,3.87E-07,21.37720923
985,Nb78Al6C5Co11,24,217.1803035,3.86E-07,17.85900587
165,Nb76Al1C7Co16,24,211.6569958,3.85E-07,18.88909924
685,Nb78Al4C7Co11,24,214.9141048,3.85E-07,18.28035206
286,Nb81Al2C5Co12,24,207.1111428,3.85E-07,19.73588337
984,Nb79Al6C5Co10,24,217.3793283,3.82E-07,17.81524894
834,Nb79Al5C6Co10,24,216.8434164,3.81E-07,17.91311614
388,Nb81Al3C2Co14,24,208.4194977,3.80E-07,19.48418873
467,Nb74Al3C5Co18,24,213.8332078,3.79E-07,18.4732906
649,Nb66Al4C5Co25,24,207.9180129,3.73E-07,19.56551654
471,Nb70Al3C5Co22,24,212.6071593,3.72E-07,18.68955995
322,Nb69Al2C6Co23,24,209.2902687,3.70E-07,19.30483499
514,Nb75Al3C7Co15,24,212.5163131,3.70E-07,18.70345872
892,Nb75Al6C1Co18,24,223.5203929,3.70E-07,16.64716163
786,Nb79Al5C4Co12,24,216.028411,3.69E-07,18.04696561
134,Nb83Al1C6Co10,24,204.6297146,3.65E-07,20.16361934
462,Nb79Al3C5Co13,24,213.5212286,3.64E-07,18.50629715
661,Nb78Al4C6Co12,24,215.0256311,3.64E-07,18.22467659
962,Nb77Al6C4Co13,24,215.7266394,3.57E-07,18.08338019
938,Nb77Al6C3Co14,24,215.3641725,3.57E-07,18.15075304
788,Nb77Al5C4Co14,24,215.191437,3.56E-07,18.17995975
746,Nb71Al5C2Co22,24,216.6850073,3.54E-07,17.89868245
642,Nb73Al4C5Co18,24,213.3396103,3.51E-07,18.51668654
920,Nb71Al6C2Co21,24,219.9480798,3.50E-07,17.28307743
634,Nb81Al4C5Co10,24,209.1922701,3.49E-07,19.28428313
812,Nb77Al5C5Co13,24,214.6545587,3.48E-07,18.26768469
158,Nb83Al1C7Co9,24,209.0593273,3.48E-07,19.30813579
484,Nb81Al3C6Co10,24,209.7225485,3.48E-07,19.18432774
643,Nb72Al4C5Co19,24,213.8305532,3.46E-07,18.41706467
515,Nb74Al3C7Co16,24,212.6956711,3.46E-07,18.62766051
689,Nb74Al4C7Co15,24,212.4877015,3.45E-07,18.66424573
111,Nb82Al1C5Co12,24,203.5737142,3.45E-07,20.32022858
859,Nb78Al5C7Co10,24,216.1709039,3.44E-07,17.97796224
666,Nb73Al4C6Co17,24,212.7954068,3.44E-07,18.60518846
818,Nb71Al5C5Co19,24,212.2473056,3.43E-07,18.70629057
864,Nb73Al5C7Co15,24,209.0142658,3.41E-07,19.30395194
737,Nb80Al5C2Co13,24,214.714011,3.40E-07,18.2416346
663,Nb76Al4C6Co14,24,213.2246428,3.40E-07,18.51810006
861,Nb76Al5C7Co12,24,213.8852597,3.39E-07,18.39454888
429,Nb88Al3C4Co5,24,190.4397691,3.37E-07,22.73448376
836,Nb77Al5C6Co12,24,215.7238325,3.36E-07,18.04626247
488,Nb77Al3C6Co14,24,212.1460996,3.34E-07,18.70777472
143,Nb74Al1C6Co19,24,210.4019663,3.33E-07,19.02993971
979,Nb84Al6C5Co5,24,203.5651634,3.33E-07,20.29746513
712,Nb81Al5C1Co13,24,213.1181456,3.32E-07,18.52286111
492,Nb73Al3C6Co18,24,213.0031646,3.29E-07,18.54025085
539,Nb80Al4C1Co15,24,211.7584874,3.28E-07,18.76935782
719,Nb74Al5C1Co20,24,219.5474873,3.28E-07,17.31950715
914,Nb77Al6C2Co15,24,217.7715051,3.25E-07,17.64508726
821,Nb68Al5C5Co22,24,209.5381493,3.24E-07,19.17392835
487,Nb78Al3C6Co13,24,213.1885328,3.22E-07,18.49230596
198,Nb73Al2C1Co24,24,208.290337,3.22E-07,19.40029913
435,Nb82Al3C4Co11,24,208.8929872,3.21E-07,19.28669476
333,Nb82Al2C7Co9,24,210.9808438,3.20E-07,18.89743478
83,Nb86Al1C4Co9,24,199.5161753,3.19E-07,21.01812487
294,Nb73Al2C5Co20,24,211.9332867,3.18E-07,18.71684228
715,Nb78Al5C1Co16,24,214.902843,3.18E-07,18.16533231
881,Nb86Al6C1Co7,24,191.2854134,3.16E-07,22.53124333
491,Nb74Al3C6Co17,24,213.174509,3.13E-07,18.47733226
278,Nb89Al2C5Co4,24,186.9257561,3.13E-07,23.32768933
399,Nb70Al3C2Co25,24,209.9336986,3.13E-07,19.07673724
167,Nb74Al1C7Co18,24,214.1533293,3.12E-07,18.29398016
510,Nb79Al3C7Co11,24,208.3638578,3.12E-07,19.36637873
117,Nb76Al1C5Co18,24,209.6715753,3.11E-07,19.12208307
24,Nb73Al1C1Co25,24,206.760344,3.10E-07,19.65936882
315,Nb76Al2C6Co16,24,212.9774459,3.07E-07,18.50091202
409,Nb84Al3C3Co10,24,203.4836242,3.06E-07,20.25705552
212,Nb83Al2C2Co13,24,199.4918404,3.05E-07,20.99121287
891,Nb76Al6C1Co17,24,221.6672219,3.04E-07,16.88199037
827,Nb86Al5C6Co3,24,202.2532148,3.03E-07,20.47811521
317,Nb74Al2C6Co18,24,213.2126235,3.03E-07,18.45020933
128,Nb89Al1C6Co4,24,195.0387819,3.01E-07,21.80265461
168,Nb73Al1C7Co19,24,213.8094578,3.00E-07,18.3325507
645,Nb70Al4C5Co21,24,212.4637134,3.00E-07,18.58140179
397,Nb72Al3C2Co23,24,211.3919933,2.99E-07,18.77804829
349,Nb66Al2C7Co25,24,203.7029613,2.96E-07,20.1942538
668,Nb71Al4C6Co19,24,212.0898935,2.96E-07,18.64337864
762,Nb79Al5C3Co13,24,215.5369068,2.96E-07,18.00427555
518,Nb71Al3C7Co19,24,209.8912597,2.95E-07,19.04756934
588,Nb79Al4C3Co14,24,215.2299204,2.94E-07,18.05769981
372,Nb73Al3C1Co23,24,210.5020339,2.94E-07,18.93210451
794,Nb71Al5C4Co20,24,215.5061796,2.93E-07,18.00446589
254,Nb89Al2C4Co5,24,183.8134227,2.92E-07,23.84587776
738,Nb79Al5C2Co14,24,215.8982093,2.91E-07,17.92688998
433,Nb84Al3C4Co9,24,209.9396476,2.91E-07,19.0294116
262,Nb81Al2C4Co13,24,203.7578087,2.90E-07,20.17068871
586,Nb81Al4C3Co12,24,214.6302799,2.90E-07,18.16050616
290,Nb77Al2C5Co16,24,212.3278309,2.89E-07,18.58379318
563,Nb80Al4C2Co14,24,210.1007429,2.88E-07,18.9949337
276,Nb91Al2C5Co2,24,177.4553018,2.88E-07,25.00205313
309,Nb82Al2C6Co10,24,208.7746826,2.88E-07,19.23976268
538,Nb81Al4C1Co14,24,209.674204,2.85E-07,19.06734924
716,Nb77Al5C1Co17,24,217.5592846,2.84E-07,17.60498404
119,Nb74Al1C5Co20,24,209.5604127,2.82E-07,19.08151816
291,Nb76Al2C5Co17,24,213.4224806,2.81E-07,18.365751
468,Nb73Al3C5Co19,24,213.3028558,2.81E-07,18.38665483
763,Nb78Al5C3Co14,24,215.1929661,2.77E-07,18.02958616
112,Nb81Al1C5Co13,24,203.5958837,2.75E-07,20.16449026
428,Nb89Al3C4Co4,24,184.9861249,2.74E-07,23.58225751
88,Nb81Al1C4Co14,24,203.543463,2.73E-07,20.16869536
598,Nb69Al4C3Co24,24,213.195296,2.72E-07,18.38800059
987,Nb76Al6C5Co13,24,214.8666706,2.72E-07,18.07901808
261,Nb82Al2C4Co12,24,204.4585744,2.72E-07,19.99880353
840,Nb73Al5C6Co16,24,212.991386,2.71E-07,18.4233595
841,Nb72Al5C6Co17,24,210.678065,2.69E-07,18.84489889
494,Nb71Al3C6Co20,24,213.5763974,2.66E-07,18.30323286
771,Nb70Al5C3Co22,24,213.7923834,2.66E-07,18.26245914
422,Nb71Al3C3Co23,24,209.7688434,2.65E-07,19.00385231
611,Nb80Al4C4Co12,24,214.9952536,2.65E-07,18.03941363
472,Nb69Al3C5Co23,24,209.3342918,2.59E-07,19.06889652
109,Nb84Al1C5Co10,24,202.2965291,2.59E-07,20.36335735
842,Nb71Al5C6Co18,24,210.4722247,2.57E-07,18.85536694
460,Nb81Al3C5Co11,24,207.9824179,2.55E-07,19.3087972
339,Nb76Al2C7Co15,24,212.6844854,2.54E-07,18.43962828
453,Nb88Al3C5Co4,24,191.2292093,2.54E-07,22.3803551
772,Nb69Al5C3Co23,24,212.444319,2.53E-07,18.48151993
565,Nb78Al4C2Co16,24,212.3234882,2.52E-07,18.50217974
850,Nb87Al5C7Co1,24,200.2223949,2.52E-07,20.72635356
574,Nb69Al4C2Co25,24,209.3218266,2.51E-07,19.05260822
264,Nb79Al2C4Co15,24,210.5472726,2.51E-07,18.82523248
412,Nb81Al3C3Co13,24,205.905661,2.50E-07,19.67754835
517,Nb72Al3C7Co18,24,213.8134467,2.50E-07,18.22088538
279,Nb88Al2C5Co5,24,190.2295338,2.49E-07,22.55062587
608,Nb83Al4C4Co9,24,211.657146,2.48E-07,18.61499512
489,Nb76Al3C6Co15,24,214.0829341,2.48E-07,18.16756839
7,Nb90Al1C1Co8,24,181.2265575,2.48E-07,24.1913742
665,Nb74Al4C6Co16,24,212.3476466,2.47E-07,18.48457658
695,Nb68Al4C7Co21,24,208.2603844,2.46E-07,19.23454198
438,Nb79Al3C4Co14,24,214.2615203,2.46E-07,18.12969873
141,Nb76Al1C6Co17,24,209.763074,2.45E-07,18.95394958
640,Nb75Al4C5Co16,24,214.1432926,2.45E-07,18.14783231
990,Nb73Al6C5Co16,24,215.1868131,2.44E-07,17.95390987
326,Nb89Al2C7Co2,24,196.5908729,2.43E-07,21.36749507
851,Nb86Al5C7Co2,24,204.9675032,2.43E-07,19.83119955
321,Nb70Al2C6Co22,24,210.8359768,2.42E-07,18.74956669
444,Nb73Al3C4Co20,24,214.0176227,2.41E-07,18.1633416
797,Nb68Al5C4Co23,24,212.2326389,2.40E-07,18.48723462
675,Nb88Al4C7Co1,24,198.1127386,2.38E-07,21.07505419
427,Nb90Al3C4Co3,24,182.6296076,2.35E-07,23.8943191
521,Nb68Al3C7Co22,24,207.4896058,2.34E-07,19.34329666
486,Nb79Al3C6Co12,24,209.1735566,2.33E-07,19.03328635
364,Nb81Al3C1Co15,24,206.5065709,2.33E-07,19.52086906
888,Nb79Al6C1Co14,24,217.2909381,2.33E-07,17.53914262
584,Nb83Al4C3Co10,24,211.0698061,2.32E-07,18.68139695
760,Nb81Al5C3Co11,24,215.2891972,2.32E-07,17.90492817
463,Nb78Al3C5Co14,24,214.4455482,2.31E-07,18.05756622
221,Nb74Al2C2Co22,24,208.5105259,2.30E-07,19.14585163
638,Nb77Al4C5Co14,24,214.768929,2.30E-07,17.99556179
736,Nb81Al5C2Co12,24,215.7369866,2.28E-07,17.8141638
687,Nb76Al4C7Co13,24,212.9824645,2.27E-07,18.31746603
862,Nb75Al5C7Co13,24,214.3631922,2.27E-07,18.06265507
816,Nb73Al5C5Co17,24,215.8492583,2.26E-07,17.78719582
345,Nb70Al2C7Co21,24,210.6704543,2.25E-07,18.73513936
735,Nb82Al5C2Co11,24,215.2109635,2.24E-07,17.89859094
436,Nb81Al3C4Co12,24,208.5502027,2.23E-07,19.12049677
860,Nb77Al5C7Co11,24,215.0479408,2.23E-07,17.92754561
93,Nb76Al1C4Co19,24,211.5251598,2.23E-07,18.57407822
302,Nb89Al2C6Co3,24,190.0282079,2.23E-07,22.50511435
581,Nb86Al4C3Co7,24,193.9584768,2.23E-07,21.78784441
519,Nb70Al3C7Co20,24,209.8460859,2.23E-07,18.88079609
142,Nb75Al1C6Co18,24,210.4976616,2.22E-07,18.75990407
972,Nb67Al6C4Co23,24,212.3468111,2.21E-07,18.41881651
493,Nb72Al3C6Co19,24,212.8171097,2.21E-07,18.33056882
963,Nb76Al6C4Co14,24,215.3282207,2.19E-07,17.86564511
211,Nb84Al2C2Co12,24,199.4401075,2.18E-07,20.77334826
144,Nb73Al1C6Co20,24,210.4790269,2.18E-07,18.75221515
813,Nb76Al5C5Co14,24,215.3457927,2.18E-07,17.8577344
520,Nb69Al3C7Co21,24,209.9136689,2.15E-07,18.84715102
430,Nb87Al3C4Co6,24,191.0848595,2.14E-07,22.28179233
343,Nb72Al2C7Co19,24,213.5002232,2.13E-07,18.18470393
730,Nb87Al5C2Co6,24,185.688073,2.12E-07,23.26070141
613,Nb78Al4C4Co14,24,214.7974898,2.12E-07,17.94457767
516,Nb73Al3C7Co17,24,212.7731878,2.11E-07,18.31289981
23,Nb74Al1C1Co24,24,208.2260119,2.11E-07,19.14535094
865,Nb72Al5C7Co16,24,209.1317522,2.11E-07,18.97841634
396,Nb73Al3C2Co22,24,210.2438975,2.11E-07,18.77457095
485,Nb80Al3C6Co11,24,208.6354207,2.08E-07,19.06069125
269,Nb74Al2C4Co20,24,210.446747,2.08E-07,18.72910219
166,Nb75Al1C7Co17,24,212.8425116,2.08E-07,18.29036773
465,Nb76Al3C5Co16,24,213.8148666,2.07E-07,18.10974453
744,Nb73Al5C2Co20,24,219.9174642,2.07E-07,16.98974394
989,Nb74Al6C5Co15,24,216.6812397,2.07E-07,17.58312003
116,Nb77Al1C5Co17,24,210.486621,2.06E-07,18.71603353
135,Nb82Al1C6Co11,24,204.6435007,2.06E-07,19.78355169
49,Nb72Al1C2Co25,24,205.1116757,2.06E-07,19.69723941
688,Nb75Al4C7Co14,24,211.3619301,2.05E-07,18.55303505
171,Nb70Al1C7Co22,24,210.5036086,2.05E-07,18.70948925
341,Nb74Al2C7Co17,24,212.6087547,2.04E-07,18.32144061
799,Nb66Al5C4Co25,24,210.0112019,2.04E-07,18.79663061
692,Nb71Al4C7Co18,24,209.8241585,2.03E-07,18.82853372
667,Nb72Al4C6Co18,24,213.1920794,2.03E-07,18.21228837
450,Nb91Al3C5Co1,24,180.348445,2.03E-07,24.1949564
740,Nb77Al5C2Co16,24,217.3411689,2.02E-07,17.44886586
22,Nb75Al1C1Co23,24,207.0791551,2.01E-07,19.32393769
255,Nb88Al2C4Co6,24,184.5257857,2.00E-07,23.42759526
275,Nb92Al2C5Co1,24,176.3344484,2.00E-07,24.91207648
334,Nb81Al2C7Co10,24,210.6589497,2.00E-07,18.66541088
696,Nb67Al4C7Co22,24,208.7162046,1.99E-07,19.01919856
537,Nb82Al4C1Co13,24,209.4395548,1.98E-07,18.88266785
266,Nb77Al2C4Co17,24,211.3832323,1.97E-07,18.52624776
501,Nb88Al3C7Co2,24,199.8252014,1.97E-07,20.63525497
240,Nb79Al2C3Co16,24,211.2149145,1.97E-07,18.55667378
604,Nb87Al4C4Co5,24,192.9010728,1.97E-07,21.893276
477,Nb88Al3C6Co3,24,195.7515155,1.97E-07,21.3738613
869,Nb68Al5C7Co20,24,208.6740513,1.97E-07,19.01831592
956,Nb83Al6C4Co7,24,211.6491458,1.96E-07,18.473766
889,Nb78Al6C1Co15,24,218.3869251,1.95E-07,17.23775829
289,Nb78Al2C5Co15,24,212.45517,1.95E-07,18.32301243
16,Nb81Al1C1Co17,24,196.8318392,1.95E-07,21.17084783
739,Nb78Al5C2Co15,24,216.5578622,1.93E-07,17.56523127
845,Nb68Al5C6Co21,24,209.8877573,1.91E-07,18.78060433
342,Nb73Al2C7Co18,24,213.3315119,1.90E-07,18.14882642
398,Nb71Al3C2Co24,24,209.6796899,1.90E-07,18.81431041
866,Nb71Al5C7Co17,24,209.9983041,1.89E-07,18.75278223
197,Nb74Al2C1Co23,24,207.3618122,1.87E-07,19.22596418
822,Nb67Al5C5Co23,24,210.581058,1.86E-07,18.63576848
150,Nb91Al1C7Co1,24,187.510456,1.86E-07,22.83006644
918,Nb73Al6C2Co19,24,219.4896378,1.85E-07,17.00765262
431,Nb86Al3C4Co7,24,196.1431439,1.84E-07,21.25754814
461,Nb80Al3C5Co12,24,208.7474582,1.83E-07,18.95977558
466,Nb75Al3C5Co17,24,214.5023296,1.82E-07,17.90883377
223,Nb72Al2C2Co24,24,207.6713028,1.82E-07,19.15411345
564,Nb79Al4C2Co15,24,210.1631304,1.82E-07,18.69899485
793,Nb72Al5C4Co19,24,217.5858531,1.82E-07,17.3442145
585,Nb82Al4C3Co11,24,211.2149189,1.81E-07,18.50578661
39,Nb82Al1C2Co15,24,195.6674737,1.78E-07,21.3214139
114,Nb79Al1C5Co15,24,203.2713748,1.78E-07,19.94024406
169,Nb72Al1C7Co20,24,213.5781677,1.76E-07,18.05869106
395,Nb74Al3C2Co21,24,210.2227054,1.76E-07,18.66892095
476,Nb89Al3C6Co2,24,193.1532941,1.76E-07,21.76875738
910,Nb81Al6C2Co11,24,215.259313,1.75E-07,17.74914695
745,Nb72Al5C2Co21,24,218.6557206,1.75E-07,17.129067
597,Nb70Al4C3Co23,24,212.6168699,1.75E-07,18.22775207
589,Nb78Al4C3Co15,24,215.881261,1.74E-07,17.63229742
344,Nb71Al2C7Co20,24,213.4899682,1.74E-07,18.06785311
664,Nb75Al4C6Co15,24,213.1248632,1.74E-07,18.13315031
231,Nb88Al2C3Co7,24,185.6092376,1.74E-07,23.12532112
127,Nb90Al1C6Co3,24,184.6852019,1.73E-07,23.28852071
795,Nb70Al5C4Co21,24,213.4483006,1.73E-07,18.06953232
944,Nb71Al6C3Co20,24,218.1505333,1.72E-07,17.2120407
159,Nb82Al1C7Co10,24,208.8530045,1.72E-07,18.90470825
978,Nb85Al6C5Co4,24,200.2636632,1.72E-07,20.46328181
71,Nb74Al1C3Co22,24,207.2483754,1.71E-07,19.19385208
706,Nb87Al5C1Co7,24,182.7181086,1.70E-07,23.63070672
464,Nb77Al3C5Co15,24,215.1759071,1.69E-07,17.74343942
693,Nb70Al4C7Co19,24,210.6501722,1.69E-07,18.56644452
509,Nb80Al3C7Co10,24,208.8559996,1.69E-07,18.89164329
318,Nb73Al2C6Co19,24,213.2773055,1.68E-07,18.08624595
172,Nb69Al1C7Co23,24,207.4297111,1.68E-07,19.14922932
691,Nb72Al4C7Co17,24,208.9013097,1.66E-07,18.87574097
301,Nb90Al2C6Co2,24,188.4106191,1.66E-07,22.58770995
570,Nb73Al4C2Co21,24,212.0359139,1.66E-07,18.30436309
87,Nb82Al1C4Co13,24,201.8068182,1.65E-07,20.15966046
244,Nb75Al2C3Co20,24,212.2243306,1.65E-07,18.26729377
583,Nb84Al4C3Co9,24,208.4462556,1.64E-07,18.94825883
247,Nb72Al2C3Co23,24,207.8809175,1.64E-07,19.05047605
497,Nb68Al3C6Co23,24,206.703488,1.62E-07,19.25955565
287,Nb80Al2C5Co13,24,206.5634923,1.62E-07,19.28301826
94,Nb75Al1C4Co20,24,207.4927304,1.62E-07,19.11416237
684,Nb79Al4C7Co10,24,213.882125,1.61E-07,17.95167666
310,Nb81Al2C6Co11,24,208.2277394,1.61E-07,18.97755758
883,Nb84Al6C1Co9,24,201.9989825,1.61E-07,20.1053051
300,Nb91Al2C6Co1,24,185.1790651,1.60E-07,23.14410656
270,Nb73Al2C4Co21,24,207.7397472,1.59E-07,19.0600818
919,Nb72Al6C2Co20,24,221.3674111,1.59E-07,16.58236569
122,Nb71Al1C5Co23,24,207.1951848,1.59E-07,19.15833535
268,Nb75Al2C4Co19,24,211.6850316,1.59E-07,18.34174405
160,Nb81Al1C7Co11,24,207.5476417,1.58E-07,19.09100953
579,Nb88Al4C3Co5,24,185.0529903,1.58E-07,23.15686812
718,Nb75Al5C1Co19,24,218.4690611,1.58E-07,17.10425371
263,Nb80Al2C4Co14,24,203.9366372,1.57E-07,19.74194894
544,Nb75Al4C1Co20,24,215.3669037,1.57E-07,17.66713439
46,Nb75Al1C2Co22,24,206.9106097,1.56E-07,19.19839576
540,Nb79Al4C1Co16,24,212.4233822,1.56E-07,18.19810898
85,Nb84Al1C4Co11,24,198.4831049,1.56E-07,20.72109863
390,Nb79Al3C2Co16,24,209.313521,1.55E-07,18.75663403
337,Nb78Al2C7Co13,24,206.2462686,1.55E-07,19.31211992
434,Nb83Al3C4Co10,24,208.3193934,1.54E-07,18.93569935
707,Nb86Al5C1Co8,24,190.0189362,1.54E-07,22.24084959
347,Nb68Al2C7Co23,24,206.2799466,1.53E-07,19.30170495
802,Nb87Al5C5Co3,24,197.8218738,1.53E-07,20.83041269
136,Nb81Al1C6Co12,24,205.0573945,1.53E-07,19.52029395
81,Nb88Al1C4Co7,24,186.5644491,1.52E-07,22.85844281
12,Nb85Al1C1Co13,24,194.7975724,1.51E-07,21.36918434
815,Nb74Al5C5Co16,24,213.0707272,1.51E-07,18.06167011
70,Nb75Al1C3Co21,24,206.4164621,1.51E-07,19.26525574
469,Nb72Al3C5Co20,24,213.025568,1.50E-07,18.06715362
138,Nb79Al1C6Co14,24,203.1677324,1.50E-07,19.84890638
162,Nb79Al1C7Co13,24,206.5313987,1.50E-07,19.24011107
80,Nb89Al1C4Co6,24,182.0664497,1.48E-07,23.64769294
313,Nb78Al2C6Co14,24,206.8638274,1.48E-07,19.17316981
839,Nb74Al5C6Co15,24,212.8051732,1.48E-07,18.0966786
496,Nb69Al3C6Co22,24,207.8189288,1.47E-07,18.99671272
120,Nb73Al1C5Co21,24,206.8478829,1.47E-07,19.17195935
104,Nb89Al1C5Co5,24,184.0169707,1.47E-07,23.28820116
905,Nb86Al6C2Co6,24,189.1211009,1.46E-07,22.36960251
443,Nb74Al3C4Co19,24,215.7976112,1.46E-07,17.54894618
991,Nb72Al6C5Co17,24,213.5644235,1.46E-07,17.95101846
208,Nb87Al2C2Co9,24,187.2949163,1.45E-07,22.6929759
731,Nb86Al5C2Co7,24,191.4276717,1.45E-07,21.94584642
320,Nb71Al2C6Co21,24,210.5098352,1.44E-07,18.49678976
17,Nb80Al1C1Co18,24,205.3226176,1.44E-07,19.43359771
743,Nb74Al5C2Co19,24,219.6272864,1.41E-07,16.83459426
151,Nb90Al1C7Co2,24,191.096661,1.41E-07,21.98768513
939,Nb76Al6C3Co15,24,217.3051593,1.41E-07,17.25357948
561,Nb82Al4C2Co12,24,209.6644888,1.39E-07,18.63029318
246,Nb73Al2C3Co22,24,207.239084,1.39E-07,19.06706981
838,Nb75Al5C6Co14,24,212.8976262,1.38E-07,18.04260833
541,Nb78Al4C1Co17,24,212.4017848,1.38E-07,18.13028555
297,Nb70Al2C5Co23,24,210.0045939,1.38E-07,18.56300225
58,Nb87Al1C3Co9,24,187.1463695,1.38E-07,22.6811421
447,Nb70Al3C4Co23,24,213.0014948,1.38E-07,18.01981136
596,Nb71Al4C3Co22,24,213.3560696,1.37E-07,17.95501965
61,Nb84Al1C3Co12,24,198.8013925,1.37E-07,20.58173572
163,Nb78Al1C7Co14,24,206.0325979,1.37E-07,19.27533586
48,Nb73Al1C2Co24,24,204.6058055,1.37E-07,19.53272289
95,Nb74Al1C4Co21,24,207.4354726,1.36E-07,19.01857424
140,Nb77Al1C6Co16,24,204.9808829,1.36E-07,19.46134992
346,Nb69Al2C7Co22,24,206.6035065,1.36E-07,19.16745375
40,Nb81Al1C2Co16,24,196.7066157,1.35E-07,20.94931106
91,Nb78Al1C4Co17,24,209.2604819,1.35E-07,18.68330926
621,Nb70Al4C4Co22,24,213.1967399,1.34E-07,17.97090651
908,Nb83Al6C2Co9,24,205.7072717,1.34E-07,19.32217623
603,Nb88Al4C4Co4,24,189.2466987,1.34E-07,22.28413277
232,Nb87Al2C3Co8,24,189.4500906,1.34E-07,22.24737966
837,Nb76Al5C6Co13,24,214.6829603,1.34E-07,17.70006495
555,Nb88Al4C2Co6,24,181.2573697,1.33E-07,23.71345249
64,Nb81Al1C3Co15,24,200.1828928,1.33E-07,20.31352126
641,Nb74Al4C5Co17,24,214.4984326,1.33E-07,17.7292848
911,Nb80Al6C2Co12,24,216.6617681,1.33E-07,17.33791699
580,Nb87Al4C3Co6,24,190.0955447,1.33E-07,22.12477228
475,Nb90Al3C6Co1,24,189.4227311,1.32E-07,22.24335804
652,Nb87Al4C6Co3,24,198.1279983,1.32E-07,20.67766417
45,Nb76Al1C2Co21,24,206.0887993,1.32E-07,19.24358132
57,Nb88Al1C3Co8,24,186.7356175,1.31E-07,22.7213904
826,Nb87Al5C6Co2,24,198.4380126,1.30E-07,20.61036714
708,Nb85Al5C1Co9,24,190.7220762,1.29E-07,21.99577187
717,Nb76Al5C1Co18,24,217.319081,1.28E-07,17.20096139
446,Nb71Al3C4Co22,24,213.0985799,1.28E-07,17.96076418
314,Nb77Al2C6Co15,24,212.9529959,1.28E-07,17.98704063
245,Nb74Al2C3Co21,24,208.3137305,1.27E-07,18.81980902
764,Nb77Al5C3Co15,24,216.2911059,1.26E-07,17.37666536
451,Nb90Al3C5Co2,24,183.8887891,1.26E-07,23.20142221
170,Nb71Al1C7Co21,24,210.6435341,1.26E-07,18.39506974
415,Nb78Al3C3Co16,24,212.4599627,1.26E-07,18.06647059
260,Nb83Al2C4Co11,24,202.21988,1.26E-07,19.91079227
452,Nb89Al3C5Co3,24,188.1999075,1.26E-07,22.4265765
319,Nb72Al2C6Co20,24,213.5353262,1.25E-07,17.86799812
419,Nb74Al3C3Co20,24,211.6519937,1.25E-07,18.20666977
639,Nb76Al4C5Co15,24,215.1280023,1.24E-07,17.57712689
992,Nb71Al6C5Co18,24,210.9692926,1.24E-07,18.32537847
103,Nb90Al1C5Co4,24,180.1949312,1.23E-07,23.84757412
625,Nb90Al4C5Co1,24,185.196991,1.22E-07,22.94659516
113,Nb80Al1C5Co14,24,204.9248446,1.22E-07,19.40443386
382,Nb87Al3C2Co8,24,189.2260028,1.22E-07,22.2202305
915,Nb76Al6C2Co16,24,219.406683,1.21E-07,16.79241132
21,Nb76Al1C1Co22,24,209.6376189,1.20E-07,18.54790662
371,Nb74Al3C1Co22,24,210.5541288,1.20E-07,18.38243009
669,Nb70Al4C6Co20,24,210.315266,1.20E-07,18.42467602
670,Nb69Al4C6Co21,24,209.6937589,1.19E-07,18.53391191
595,Nb72Al4C3Co21,24,217.7083589,1.18E-07,17.08340523
86,Nb83Al1C4Co12,24,200.9077275,1.17E-07,20.10365377
814,Nb75Al5C5Co15,24,215.1867755,1.17E-07,17.53599889
571,Nb72Al4C2Co22,24,212.4116523,1.17E-07,18.03379612
161,Nb80Al1C7Co12,24,206.5965704,1.17E-07,19.07755655
626,Nb89Al4C5Co2,24,188.0749454,1.16E-07,22.39356894
336,Nb79Al2C7Co12,24,206.4852471,1.15E-07,19.08956864
732,Nb85Al5C2Co8,24,195.4615849,1.14E-07,21.06256901
335,Nb80Al2C7Co11,24,207.8637987,1.14E-07,18.83620124
137,Nb80Al1C6Co13,24,204.3782189,1.13E-07,19.45994849
348,Nb67Al2C7Co24,24,203.1698656,1.13E-07,19.67414053
917,Nb74Al6C2Co18,24,220.4714774,1.13E-07,16.56283163
296,Nb71Al2C5Co22,24,209.3007827,1.13E-07,18.57223974
768,Nb73Al5C3Co19,24,217.5411382,1.12E-07,17.08656875
115,Nb78Al1C5Co16,24,204.2896163,1.11E-07,19.46440352
500,Nb89Al3C7Co1,24,195.3429202,1.11E-07,21.06604167
288,Nb79Al2C5Co14,24,207.4617658,1.11E-07,18.89192861
126,Nb91Al1C6Co2,24,180.0809092,1.11E-07,23.78745667
235,Nb84Al2C3Co11,24,197.8638906,1.11E-07,20.61153168
620,Nb71Al4C4Co21,24,216.0319182,1.11E-07,17.35155904
420,Nb73Al3C3Co21,24,208.7304445,1.10E-07,18.66176567
573,Nb70Al4C2Co24,24,210.3608081,1.10E-07,18.36839063
651,Nb88Al4C6Co2,24,195.7176535,1.10E-07,20.9912318
578,Nb89Al4C3Co4,24,182.717371,1.09E-07,23.30508835
312,Nb79Al2C6Co13,24,208.039682,1.09E-07,18.77699937
406,Nb87Al3C3Co7,24,188.3597685,1.09E-07,22.29704893
557,Nb86Al4C2Co8,24,189.9361231,1.07E-07,22.00860791
619,Nb72Al4C4Co20,24,215.9124491,1.07E-07,17.35558646
43,Nb78Al1C2Co19,24,210.9408018,1.06E-07,18.2432138
405,Nb88Al3C3Co6,24,184.201887,1.06E-07,23.02068478
224,Nb71Al2C2Co25,24,208.2848991,1.05E-07,18.71571924
424,Nb69Al3C3Co25,24,207.4729836,1.05E-07,18.86091352
92,Nb77Al1C4Co18,24,211.099119,1.05E-07,18.20685997
907,Nb84Al6C2Co8,24,204.8417369,1.05E-07,19.32770467
217,Nb78Al2C2Co18,24,212.3903667,1.04E-07,17.97415595
628,Nb87Al4C5Co4,24,196.8792422,1.04E-07,20.74582098
147,Nb70Al1C6Co23,24,207.6414999,1.03E-07,18.81953988
754,Nb87Al5C3Co5,24,188.2151468,1.03E-07,22.28964689
295,Nb72Al2C5Co21,24,209.0430547,1.03E-07,18.56804407
967,Nb72Al6C4Co18,24,216.9740337,1.03E-07,17.14516685
593,Nb74Al4C3Co19,24,215.7596409,1.03E-07,17.36302313
566,Nb77Al4C2Co17,24,213.6708675,1.03E-07,17.73399181
418,Nb75Al3C3Co19,24,211.8462364,1.03E-07,18.06101979
867,Nb70Al5C7Co18,24,208.9869072,1.02E-07,18.57216727
533,Nb86Al4C1Co9,24,188.8458775,1.01E-07,22.16092261
404,Nb89Al3C3Co5,24,179.1371257,1.01E-07,23.88793955
803,Nb86Al5C5Co4,24,198.3894083,1.01E-07,20.45851412
164,Nb77Al1C7Co15,24,207.6863397,1.00E-07,18.79357592
267,Nb76Al2C4Co18,24,211.5075935,1.00E-07,18.1080231
369,Nb76Al3C1Co20,24,213.7049265,9.98E-08,17.71296888
214,Nb81Al2C2Co15,24,199.8064937,9.97E-08,20.19827299
182,Nb89Al2C1Co8,24,184.0997351,9.97E-08,22.99651
617,Nb74Al4C4Co18,24,215.5294666,9.87E-08,17.3797205
671,Nb68Al4C6Co22,24,207.0131268,9.86E-08,18.90406252
32,Nb89Al1C2Co8,24,184.7675522,9.86E-08,22.86989474
792,Nb73Al5C4Co18,24,217.3228456,9.86E-08,17.05743315
545,Nb74Al4C1Co21,24,213.92376,9.85E-08,17.6663406
391,Nb78Al3C2Co17,24,213.6585115,9.84E-08,17.71332193
522,Nb67Al3C7Co23,24,204.9592315,9.79E-08,19.26691717
407,Nb86Al3C3Co8,24,191.6862207,9.78E-08,21.63364804
568,Nb75Al4C2Co19,24,214.4638411,9.75E-08,17.56422856
69,Nb76Al1C3Co20,24,208.2776835,9.70E-08,18.6682848
594,Nb73Al4C3Co20,24,216.3479293,9.69E-08,17.22322339
196,Nb75Al2C1Co22,24,210.3976456,9.68E-08,18.28814234
647,Nb68Al4C5Co23,24,207.5273692,9.67E-08,18.80045662
441,Nb76Al3C4Co17,24,214.8599795,9.65E-08,17.48717565
236,Nb83Al2C3Co12,24,200.3678544,9.62E-08,20.07592444
63,Nb82Al1C3Co14,24,197.622276,9.59E-08,20.56319111
238,Nb81Al2C3Co14,24,200.5541461,9.58E-08,20.04002767
253,Nb90Al2C4Co4,24,177.7390971,9.57E-08,24.09647731
532,Nb87Al4C1Co8,24,188.2891696,9.56E-08,22.22275654
380,Nb89Al3C2Co6,24,178.5527332,9.56E-08,23.95168703
383,Nb86Al3C2Co9,24,188.0796516,9.54E-08,22.25853004
543,Nb76Al4C1Co19,24,215.7143528,9.49E-08,17.32510512
207,Nb88Al2C2Co8,24,187.0223678,9.43E-08,22.43791905
220,Nb75Al2C2Co21,24,208.7558855,9.41E-08,18.56544428
694,Nb69Al4C7Co20,24,209.5667848,9.41E-08,18.42016159
389,Nb80Al3C2Co15,24,207.6727842,9.41E-08,18.75843023
473,Nb68Al3C5Co24,24,208.23035,9.34E-08,18.65485648
994,Nb69Al6C5Co20,24,212.4025123,9.32E-08,17.90779186
916,Nb75Al6C2Co17,24,220.1157591,9.29E-08,16.52539327
89,Nb80Al1C4Co15,24,203.9580896,9.27E-08,19.41305136
272,Nb71Al2C4Co23,24,207.6295819,9.27E-08,18.75782694
442,Nb75Al3C4Co18,24,215.3338089,9.24E-08,17.37900269
622,Nb69Al4C4Co23,24,209.7729128,9.19E-08,18.36997555
968,Nb71Al6C4Co19,24,215.0606518,9.15E-08,17.42242166
556,Nb87Al4C2Co7,24,185.3230876,9.14E-08,22.71873846
252,Nb91Al2C4Co3,24,175.9461064,9.06E-08,24.37386782
55,Nb90Al1C3Co6,24,179.9838641,9.05E-08,23.6579628
102,Nb91Al1C5Co3,24,178.4210322,9.04E-08,23.93432807
72,Nb73Al1C3Co23,24,206.7186654,9.03E-08,18.90519866
218,Nb77Al2C2Co19,24,213.0437506,8.97E-08,17.77205196
209,Nb86Al2C2Co10,24,188.8310847,8.94E-08,22.08103259
30,Nb91Al1C2Co6,24,173.6798764,8.88E-08,24.76016742
602,Nb89Al4C4Co3,24,185.456076,8.87E-08,22.67421419
96,Nb73Al1C4Co22,24,207.2966351,8.80E-08,18.78706995
804,Nb85Al5C5Co5,24,201.421442,8.76E-08,19.83079479
648,Nb67Al4C5Co24,24,205.0560534,8.73E-08,19.18164052
56,Nb89Al1C3Co7,24,184.4574151,8.73E-08,22.83980522
618,Nb73Al4C4Co19,24,215.9524786,8.67E-08,17.23437568
101,Nb92Al1C5Co2,24,175.2880268,8.65E-08,24.45571688
213,Nb82Al2C2Co14,24,199.4572106,8.53E-08,20.16354508
439,Nb78Al3C4Co15,24,216.3868285,8.51E-08,17.14680047
672,Nb67Al4C6Co23,24,205.7891272,8.45E-08,19.03194417
940,Nb75Al6C3Co16,24,219.1388384,8.42E-08,16.64979728
265,Nb78Al2C4Co16,24,212.633187,8.42E-08,17.81058211
365,Nb80Al3C1Co16,24,207.6093234,8.40E-08,18.70415081
146,Nb71Al1C6Co22,24,207.373819,8.38E-08,18.7451872
966,Nb73Al6C4Co17,24,217.0263571,8.36E-08,17.02296258
819,Nb70Al5C5Co20,24,209.7614131,8.34E-08,18.31719889
535,Nb84Al4C1Co11,24,190.1887157,8.31E-08,21.79107483
186,Nb85Al2C1Co12,24,190.6524771,8.29E-08,21.70728264
139,Nb78Al1C6Co15,24,204.9580732,8.23E-08,19.16402641
121,Nb72Al1C5Co22,24,207.3819036,8.11E-08,18.72484375
33,Nb88Al1C2Co9,24,184.3314537,8.07E-08,22.80739313
174,Nb67Al1C7Co25,24,202.6671218,8.06E-08,19.5588704
445,Nb72Al3C4Co21,24,211.4115109,8.05E-08,18.00345312
65,Nb80Al1C3Co16,24,204.6072894,8.04E-08,19.21277453
843,Nb70Al5C6Co19,24,209.0726025,8.02E-08,18.41754047
629,Nb86Al4C5Co5,24,199.8902242,8.02E-08,20.04840354
90,Nb79Al1C4Co16,24,205.6479811,7.97E-08,19.02279025
411,Nb82Al3C3Co12,24,202.9953032,7.95E-08,19.49226807
884,Nb83Al6C1Co10,24,201.2536107,7.94E-08,19.80061557
195,Nb76Al2C1Co21,24,210.5441262,7.82E-08,18.14192711
233,Nb86Al2C3Co9,24,195.8648833,7.79E-08,20.74420465
943,Nb72Al6C3Co19,24,218.3152115,7.71E-08,16.75133054
311,Nb80Al2C6Co12,24,208.3498364,7.71E-08,18.52334238
298,Nb69Al2C5Co24,24,209.8915341,7.58E-08,18.24029025
229,Nb90Al2C3Co5,24,177.5363153,7.52E-08,23.95677887
454,Nb87Al3C5Co5,24,195.4910165,7.50E-08,20.78607565
125,Nb92Al1C6Co1,24,177.4431301,7.49E-08,23.97020339
360,Nb85Al3C1Co11,24,187.6079007,7.33E-08,22.16383582
54,Nb91Al1C3Co5,24,176.0018713,7.31E-08,24.20660952
74,Nb71Al1C3Co25,24,206.5709207,7.30E-08,18.80809578
243,Nb76Al2C3Co19,24,210.8227402,7.28E-08,18.05241848
78,Nb91Al1C4Co4,24,177.2542752,7.23E-08,23.97832708
79,Nb90Al1C4Co5,24,180.1215648,7.23E-08,23.47294258
868,Nb69Al5C7Co19,24,208.2253558,7.22E-08,18.50860193
381,Nb88Al3C2Co7,24,183.5219001,7.20E-08,22.87145615
47,Nb74Al1C2Co23,24,204.0663441,7.04E-08,19.23026694
780,Nb85Al5C4Co6,24,198.3576949,7.02E-08,20.23807408
410,Nb83Al3C3Co11,24,202.7415719,7.01E-08,19.46272095
820,Nb69Al5C5Co21,24,210.4150523,6.96E-08,18.0998887
470,Nb71Al3C5Co21,24,213.6831218,6.95E-08,17.52000096
68,Nb77Al1C3Co19,24,210.9554323,6.94E-08,18.00295612
66,Nb79Al1C3Co17,24,209.7613471,6.92E-08,18.21260608
534,Nb85Al4C1Co10,24,191.0845529,6.86E-08,21.5065713
421,Nb72Al3C3Co22,24,208.4430232,6.82E-08,18.43774626
988,Nb75Al6C5Co14,24,215.9846416,6.78E-08,17.09846037
206,Nb89Al2C2Co7,24,181.7316506,6.78E-08,23.14483222
145,Nb72Al1C6Co21,24,208.009531,6.78E-08,18.51110764
825,Nb88Al5C6Co1,24,195.5371712,6.77E-08,20.71359863
393,Nb76Al3C2Co19,24,213.0066822,6.77E-08,17.62547325
387,Nb82Al3C2Co13,24,200.8865161,6.76E-08,19.7690261
215,Nb80Al2C2Co16,24,207.0209511,6.76E-08,18.68457782
408,Nb85Al3C3Co9,24,198.2179998,6.74E-08,20.23811943
777,Nb88Al5C4Co3,24,189.533515,6.69E-08,21.76328226
770,Nb71Al5C3Co21,24,216.8682557,6.65E-08,16.93217763
358,Nb87Al3C1Co9,24,186.3473971,6.62E-08,22.31704847
73,Nb72Al1C3Co24,24,206.7142135,6.60E-08,18.72545421
614,Nb77Al4C4Co15,24,216.3295984,6.59E-08,17.02268208
386,Nb83Al3C2Co12,24,200.9779256,6.57E-08,19.73568454
567,Nb76Al4C2Co18,24,213.1474047,6.53E-08,17.58131705
977,Nb86Al6C5Co3,24,198.8888791,6.53E-08,20.09990012
366,Nb79Al3C1Co17,24,209.1059984,6.49E-08,18.29257698
230,Nb89Al2C3Co6,24,180.9090339,6.44E-08,23.254173
559,Nb84Al4C2Co10,24,193.9026241,6.44E-08,20.97034445
222,Nb73Al2C2Co23,24,207.4728855,6.41E-08,18.5743137
759,Nb82Al5C3Co10,24,212.5167751,6.32E-08,17.67579541
249,Nb70Al2C3Co25,24,208.1376032,6.28E-08,18.44589563
271,Nb72Al2C4Co22,24,207.5222163,6.23E-08,18.54992464
237,Nb82Al2C3Co13,24,200.0163181,6.22E-08,19.87252893
205,Nb90Al2C2Co6,24,176.8791312,6.13E-08,23.92509581
324,Nb67Al2C6Co25,24,202.5584414,6.01E-08,19.40455341
789,Nb76Al5C4Co15,24,217.5244895,5.95E-08,16.75811819
123,Nb70Al1C5Co24,24,205.7402088,5.93E-08,18.83589805
498,Nb67Al3C6Co24,24,203.4019309,5.93E-08,19.2474889
616,Nb75Al4C4Co17,24,215.3610232,5.92E-08,17.13792885
741,Nb76Al5C2Co17,24,218.3109016,5.91E-08,16.61624786
256,Nb87Al2C4Co7,24,190.1022403,5.90E-08,21.58187964
370,Nb75Al3C1Co21,24,211.1049926,5.71E-08,17.86995982
248,Nb71Al2C3Co24,24,207.107328,5.66E-08,18.56929744
582,Nb85Al4C3Co8,24,195.2343846,5.65E-08,20.65411946
359,Nb86Al3C1Co10,24,188.6516896,5.62E-08,21.80442493
124,Nb69Al1C5Co25,24,204.887972,5.59E-08,18.95220375
357,Nb88Al3C1Co8,24,184.6322979,5.58E-08,22.50361526
77,Nb92Al1C4Co3,24,173.9778053,5.56E-08,24.36308166
767,Nb74Al5C3Co18,24,218.69203,5.52E-08,16.51473389
542,Nb77Al4C1Co18,24,214.4910634,5.50E-08,17.25361706
392,Nb77Al3C2Co18,24,212.9095352,5.48E-08,17.53056904
993,Nb70Al6C5Co19,24,210.0378033,5.48E-08,18.0357474
790,Nb75Al5C4Co16,24,217.1100537,5.48E-08,16.78966435
274,Nb69Al2C4Co25,24,207.7795394,5.46E-08,18.43106584
954,Nb85Al6C4Co5,24,199.2884155,5.46E-08,19.92179101
368,Nb77Al3C1Co19,24,212.2656503,5.42E-08,17.63791926
753,Nb88Al5C3Co4,24,185.5379003,5.37E-08,22.31994127
769,Nb72Al5C3Co20,24,217.2240323,5.36E-08,16.75868025
241,Nb78Al2C3Co17,24,212.1148904,5.31E-08,17.65327661
932,Nb83Al6C3Co8,24,208.474757,5.31E-08,18.29299776
560,Nb83Al4C2Co11,24,204.0067738,5.29E-08,19.07581947
384,Nb85Al3C2Co10,24,190.1750907,5.28E-08,21.49826263
242,Nb77Al2C3Co18,24,211.8863666,5.26E-08,17.68832158
955,Nb84Al6C4Co6,24,197.8583048,5.25E-08,20.14962596
299,Nb68Al2C5Co25,24,205.7216408,5.21E-08,18.76623574
756,Nb85Al5C3Co7,24,197.5696766,5.19E-08,20.19345982
44,Nb77Al1C2Co20,24,208.2201449,5.18E-08,18.32483519
976,Nb87Al6C5Co2,24,193.6241046,5.12E-08,20.87562771
558,Nb85Al4C2Co9,24,190.7419319,5.11E-08,21.37764986
423,Nb70Al3C3Co24,24,208.2792846,5.10E-08,18.30596418
742,Nb75Al5C2Co18,24,218.9385875,5.10E-08,16.43148634
9,Nb88Al1C1Co10,24,185.9858681,5.07E-08,22.20272292
776,Nb89Al5C4Co2,24,183.1388281,5.06E-08,22.69821968
536,Nb83Al4C1Co12,24,198.0261632,5.02E-08,20.09301959
361,Nb84Al3C1Co12,24,188.8957272,4.98E-08,21.68397158
599,Nb68Al4C3Co25,24,209.1303513,4.95E-08,18.14002209
416,Nb77Al3C3Co17,24,213.1920889,4.95E-08,17.42691009
148,Nb69Al1C6Co24,24,205.6028258,4.86E-08,18.74843809
796,Nb69Al5C4Co22,24,210.2355509,4.86E-08,17.93630131
34,Nb87Al1C2Co10,24,184.2190116,4.81E-08,22.47710618
755,Nb86Al5C3Co6,24,191.9051374,4.79E-08,21.1333131
800,Nb89Al5C5Co1,24,188.4087815,4.77E-08,21.74132087
606,Nb85Al4C4Co7,24,200.4717652,4.74E-08,19.63128312
67,Nb78Al1C3Co18,24,211.0823342,4.73E-08,17.77316683
394,Nb75Al3C2Co20,24,213.330692,4.66E-08,17.371109
440,Nb77Al3C4Co16,24,216.5713123,4.65E-08,16.8015516
184,Nb87Al2C1Co10,24,186.655921,4.63E-08,22.02761803
605,Nb86Al4C4Co6,24,194.9617165,4.61E-08,20.57648534
216,Nb79Al2C2Co17,24,209.6413346,4.57E-08,18.00749967
417,Nb76Al3C3Co18,24,212.6489155,4.56E-08,17.4790564
569,Nb74Al4C2Co20,24,214.8307084,4.52E-08,17.09270729
646,Nb69Al4C5Co22,24,206.9946592,4.48E-08,18.45993576
757,Nb84Al5C3Co8,24,198.3170598,4.48E-08,19.97505521
98,Nb71Al1C4Co24,24,207.0010319,4.46E-08,18.45588473
650,Nb89Al4C6Co1,24,192.5353556,4.42E-08,20.97392406
8,Nb89Al1C1Co9,24,182.0089889,4.28E-08,22.78332044
941,Nb74Al6C3Co17,24,218.7729542,4.26E-08,16.37249339
844,Nb69Al5C6Co20,24,209.0148224,4.20E-08,18.07126083
99,Nb70Al1C4Co25,24,206.8174999,4.14E-08,18.44660897
781,Nb84Al5C4Co7,24,203.3788702,4.13E-08,19.04474578
41,Nb80Al1C2Co17,24,198.6658191,4.10E-08,19.86214279
590,Nb77Al4C3Co16,24,217.5158558,4.09E-08,16.57276866
975,Nb88Al6C5Co1,24,192.3426809,4.09E-08,20.95917579
791,Nb74Al5C4Co17,24,216.0159703,4.02E-08,16.82630043
11,Nb86Al1C1Co12,24,187.8952098,3.99E-08,21.71614728
779,Nb86Al5C4Co5,24,197.5573502,3.99E-08,20.03818677
403,Nb90Al3C3Co4,24,172.9243668,3.96E-08,24.30285463
149,Nb68Al1C6Co25,24,202.3331012,3.96E-08,19.20332388
191,Nb80Al2C1Co17,24,205.2398127,3.95E-08,18.6961814
592,Nb75Al4C3Co18,24,216.7777812,3.95E-08,16.68346457
942,Nb73Al6C3Co18,24,218.7187384,3.78E-08,16.32357309
734,Nb83Al5C2Co10,24,204.4693769,3.71E-08,18.79555057
623,Nb68Al4C4Co24,24,209.1550878,3.67E-08,17.97536642
624,Nb67Al4C4Co25,24,205.9666886,3.59E-08,18.51771486
615,Nb76Al4C4Co16,24,216.8590249,3.56E-08,16.61872395
733,Nb84Al5C2Co9,24,197.5738712,3.52E-08,19.96250613
31,Nb90Al1C2Co7,24,178.5676644,3.50E-08,23.24421547
192,Nb79Al2C1Co18,24,208.518129,3.48E-08,18.05788617
627,Nb88Al4C5Co3,24,193.1452204,3.47E-08,20.72100822
591,Nb76Al4C3Co17,24,216.8239302,3.45E-08,16.60996693
765,Nb76Al5C3Co16,24,216.9879418,3.31E-08,16.56034408
931,Nb84Al6C3Co7,24,205.7773465,3.28E-08,18.50174423
273,Nb70Al2C4Co24,24,208.6286806,3.26E-08,18.00459403
100,Nb93Al1C5Co1,24,170.0981708,3.20E-08,24.63873012
906,Nb85Al6C2Co7,24,196.163557,3.09E-08,20.1303551
474,Nb67Al3C5Co25,24,203.240226,3.08E-08,18.90628468
965,Nb74Al6C4Co16,24,218.1477304,3.04E-08,16.31881174
42,Nb79Al1C2Co18,24,207.072658,3.04E-08,18.23683608
185,Nb86Al2C1Co11,24,183.4889097,3.02E-08,22.29831377
766,Nb75Al5C3Co17,24,216.9306131,3.01E-08,16.5251803
969,Nb70Al6C4Co20,24,212.1679178,2.94E-08,17.33860147
928,Nb87Al6C3Co4,24,189.1282964,2.84E-08,21.29028529
183,Nb88Al2C1Co9,24,183.8821756,2.82E-08,22.18712471
18,Nb79Al1C1Co19,24,207.481332,2.79E-08,18.12057394
20,Nb77Al1C1Co21,24,207.4162971,2.75E-08,18.12488011
10,Nb87Al1C1Co11,24,183.5994954,2.60E-08,22.18519192
219,Nb76Al2C2Co20,24,210.3447818,2.53E-08,17.57744042
953,Nb86Al6C4Co4,24,196.8430895,2.47E-08,19.8830558
499,Nb66Al3C6Co25,24,201.5719782,2.36E-08,19.04853709
173,Nb68Al1C7Co24,24,203.6084323,2.29E-08,18.6818295
193,Nb78Al2C1Co19,24,210.0252274,2.25E-08,17.57216175
952,Nb87Al6C4Co3,24,192.3691832,2.23E-08,20.59010522
964,Nb75Al6C4Co15,24,217.3584644,2.21E-08,16.30280234
801,Nb88Al5C5Co2,24,191.1406485,2.14E-08,20.77685242
194,Nb77Al2C1Co20,24,207.5374258,2.02E-08,17.94402907
228,Nb91Al2C3Co4,24,171.7408769,2.01E-08,24.03919594
710,Nb83Al5C1Co11,24,201.1575673,1.92E-08,19.00687755
19,Nb78Al1C1Co20,24,204.7026879,1.83E-08,18.3756164
951,Nb88Al6C4Co2,24,186.9112564,1.78E-08,21.3872171
930,Nb85Al6C3Co6,24,196.5627467,1.71E-08,19.72673709
909,Nb82Al6C2Co10,24,203.7742684,1.64E-08,18.4772648
448,Nb69Al3C4Co24,24,212.4966138,1.63E-08,16.99045345
97,Nb72Al1C4Co23,24,206.7919663,1.60E-08,17.95295424
367,Nb78Al3C1Co18,24,210.1280054,1.56E-08,17.37253342
711,Nb82Al5C1Co12,24,200.7531034,1.55E-08,18.96120537
449,Nb68Al3C4Co25,24,207.6528987,1.30E-08,17.70169562
323,Nb68Al2C6Co24,24,205.7313365,1.26E-08,18.01326654
778,Nb87Al5C4Co4,24,195.7882871,1.26E-08,19.68895076
929,Nb86Al6C3Co5,24,192.5078878,1.13E-08,20.17964983
886,Nb81Al6C1Co12,24,205.5350119,8.47E-09,17.84895417
877,Nb90Al6C1Co3,24,169.6389675,4.83E-09,23.47214872
600,Nb91Al4C4Co1,24,166.0727488,4.08E-09,23.95033315
885,Nb82Al6C1Co11,24,202.4658477,4.07E-09,18.00610915
577,Nb90Al4C3Co3,24,166.0165811,3.99E-09,23.94477305
878,Nb89Al6C1Co4,24,169.9380986,3.85E-09,23.28624544
751,Nb90Al5C3Co2,24,166.9966006,3.72E-09,23.74334938
901,Nb90Al6C2Co2,24,167.6667821,3.59E-09,23.61207021
900,Nb91Al6C2Co1,24,167.3274772,3.56E-09,23.66326087
750,Nb91Al5C3Co1,24,166.2811079,3.24E-09,23.77548984
727,Nb90Al5C2Co3,24,167.4902071,3.20E-09,23.57083614
879,Nb88Al6C1Co5,24,169.6623247,3.07E-09,23.19626474
728,Nb89Al5C2Co4,24,167.9638918,3.07E-09,23.47015018
601,Nb90Al4C4Co2,24,171.9338525,2.75E-09,22.76337041
729,Nb88Al5C2Co5,24,171.8986478,2.68E-09,22.75536598
902,Nb89Al6C2Co3,24,168.1697211,2.62E-09,23.34181822
925,Nb90Al6C3Co1,24,169.2551288,2.41E-09,23.11887654
904,Nb87Al6C2Co5,24,176.188515,2.33E-09,21.98396638
880,Nb87Al6C1Co6,24,170.7823767,2.23E-09,22.82880958
775,Nb90Al5C4Co1,24,169.7909466,2.06E-09,22.94219094
950,Nb89Al6C4Co1,24,172.3475726,1.61E-09,22.39478409
704,Nb89Al5C1Co5,24,166.9897297,1.60E-09,23.24397909
903,Nb88Al6C2Co4,24,168.8475016,1.38E-09,22.8640072
926,Nb89Al6C3Co2,24,170.9795975,1.22E-09,22.45756362
752,Nb89Al5C3Co3,24,167.8650556,1.18E-09,22.93078994
554,Nb89Al4C2Co5,24,166.8058599,1.10E-09,23.05919158
705,Nb88Al5C1Co6,24,167.2170014,1.09E-09,22.99040644
425,Nb92Al3C4Co1,24,163.8314572,7.79E-10,23.33421668
927,Nb88Al6C3Co3,24,175.0789045,7.53E-10,21.55615642
725,Nb92Al5C2Co1,24,163.1917329,6.96E-10,23.37138135
875,Nb92Al6C1Co1,24,165.4674801,6.95E-10,23.01592548
575,Nb92Al4C3Co1,24,162.556835,6.95E-10,23.47000191
76,Nb93Al1C4Co2,24,162.3317489,6.39E-10,23.45835048
576,Nb91Al4C3Co2,24,163.5958491,6.19E-10,23.24394703
426,Nb91Al3C4Co2,24,166.7747919,6.03E-10,22.73473939
376,Nb93Al3C2Co2,24,158.4471856,5.45E-10,23.97267748
551,Nb92Al4C2Co2,24,161.6878528,5.25E-10,23.44971808
251,Nb92Al2C4Co2,24,163.8080613,4.94E-10,23.08803148
353,Nb92Al3C1Co4,24,159.7782707,4.90E-10,23.70687532
203,Nb92Al2C2Co4,24,159.4150201,4.81E-10,23.7532575
202,Nb93Al2C2Co3,24,158.1555801,4.70E-10,23.93427314
525,Nb94Al4C1Co1,24,153.177578,4.66E-10,24.69853339
180,Nb91Al2C1Co6,24,160.7037357,4.56E-10,23.5248497
726,Nb91Al5C2Co2,24,164.8911388,4.49E-10,22.86934525
29,Nb92Al1C2Co5,24,156.8020388,4.27E-10,24.08983379
225,Nb94Al2C3Co1,24,156.3885642,4.20E-10,24.14428335
379,Nb90Al3C2Co5,24,161.6189968,4.20E-10,23.33792442
550,Nb93Al4C2Co1,24,159.1343082,4.14E-10,23.71318299
876,Nb91Al6C1Co2,24,167.026494,4.02E-10,22.481209
179,Nb92Al2C1Co5,24,159.0599014,3.96E-10,23.70052708
703,Nb90Al5C1Co4,24,165.1401363,3.92E-10,22.75896398
402,Nb91Al3C3Co3,24,161.1463799,3.69E-10,23.34130872
552,Nb91Al4C2Co3,24,161.6401761,3.61E-10,23.25330815
250,Nb93Al2C4Co1,24,158.8840122,3.59E-10,23.67364378
701,Nb92Al5C1Co2,24,163.2812401,3.55E-10,22.99147376
527,Nb92Al4C1Co3,24,161.8895154,3.46E-10,23.19170733
400,Nb93Al3C3Co1,24,158.547379,3.45E-10,23.7032261
53,Nb92Al1C3Co4,24,164.2871472,3.38E-10,22.81136609
204,Nb91Al2C2Co5,24,160.3149841,3.26E-10,23.40093552
378,Nb91Al3C2Co4,24,161.4440304,3.23E-10,23.22441065
401,Nb92Al3C3Co2,24,160.9913701,3.19E-10,23.28595382
354,Nb91Al3C1Co5,24,161.0011677,3.15E-10,23.27790714
377,Nb92Al3C2Co3,24,160.2078901,2.95E-10,23.36504463
75,Nb94Al1C4Co1,24,157.0630183,2.92E-10,23.83986777
700,Nb93Al5C1Co1,24,159.9659379,2.92E-10,23.3957184
226,Nb93Al2C3Co2,24,159.2429312,2.82E-10,23.48780904
553,Nb90Al4C2Co4,24,162.3987366,2.82E-10,23.00488475
702,Nb91Al5C1Co3,24,164.6515586,2.63E-10,22.62571802
227,Nb92Al2C3Co3,24,159.6576655,2.32E-10,23.32024434
531,Nb88Al4C1Co7,24,173.3610513,2.27E-10,21.22321472
52,Nb93Al1C3Co3,24,157.7153698,2.20E-10,23.5877119
200,Nb95Al2C2Co1,24,150.1165263,2.08E-10,24.70958955
375,Nb94Al3C2Co1,24,155.8355527,1.82E-10,23.77086061
528,Nb91Al4C1Co4,24,164.1400597,1.81E-10,22.51084549
26,Nb95Al1C2Co2,24,147.4915606,1.69E-10,24.99140135
5,Nb92Al1C1Co6,24,158.4766319,1.58E-10,23.29965043
529,Nb90Al4C1Co5,24,164.108299,1.58E-10,22.44774827
526,Nb93Al4C1Co2,24,158.6412848,1.57E-10,23.27062365
530,Nb89Al4C1Co6,24,164.2661565,1.38E-10,22.35853852
355,Nb90Al3C1Co6,24,162.9945709,1.33E-10,22.5282213
181,Nb90Al2C1Co7,24,167.1139455,1.05E-10,21.79708889
51,Nb94Al1C3Co2,24,155.8825491,1.05E-10,23.47534848
28,Nb93Al1C2Co4,24,155.5242541,9.73E-11,23.49125884
350,Nb95Al3C1Co1,24,150.320287,8.12E-11,24.17304367
4,Nb93Al1C1Co5,24,151.9613529,7.67E-11,23.89962607
50,Nb95Al1C3Co1,24,154.3890868,6.10E-11,23.42316701
351,Nb94Al3C1Co2,24,150.2852475,5.81E-11,24.00450656
25,Nb96Al1C2Co1,24,146.7181854,5.58E-11,24.50954313
352,Nb93Al3C1Co3,24,156.3214947,5.42E-11,23.07895808
6,Nb91Al1C1Co7,24,163.7160455,4.72E-11,21.92270131
201,Nb94Al2C2Co2,24,154.4012461,4.46E-11,23.26542733
177,Nb94Al2C1Co3,24,150.0620828,4.36E-11,23.89112761
356,Nb89Al3C1Co7,24,170.4980524,3.81E-11,20.82956254
176,Nb95Al2C1Co2,24,148.8913121,3.14E-11,23.89880997
178,Nb93Al2C1Co4,24,155.3003843,2.92E-11,22.92862139
27,Nb94Al1C2Co3,24,152.4170783,2.82E-11,23.33223365
2,Nb95Al1C1Co3,24,148.3902358,1.90E-11,23.72530838
3,Nb94Al1C1Co4,24,149.7922835,1.51E-11,23.41094297
175,Nb96Al2C1Co1,24,146.6484248,9.86E-12,23.66066825
1,Nb96Al1C1Co2,24,145.5574443,5.63E-12,23.5549365
0,Nb97Al1C1Co1,24,141.3084874,2.32E-13,22.77587397
